maxlat,maxlon,minlat,minlon
52.2279802,21.0069884,52.1927582,20.9359325
